license_number,name_on_license,license_type,expiration_date,last_verified
RN-551203,"REYES, SOFIA",RN,2027-05-31,2026-09-01
CNA-771045,"BELL, MARCUS",CNA,2026-12-31,2026-09-01
LPN-430918,"NATARAJAN, PRIYA",LPN,2027-01-31,2026-09-01
RN-662781,"OKAFOR, JAMES",RN,2026-09-16,2026-09-01
CNA-880231,"CHEN, LINDA",CNA,2026-10-10,2026-09-01
RN-553871,"BROOKS, DANIEL",RN,2028-02-29,2026-06-15
LPN-551877,"TORRES-RUIZ, ANGELA",LPN,2027-04-30,2026-09-01
CNA-772201,"WALSH, KEVIN",CNA,2027-01-31,2026-09-01
RN-664120,"KIM, GRACE",RN,2027-11-30,2026-09-01
CNA-881907,"WRIGHT, THOMAS",CNA,2027-07-31,2026-09-01
