payroll_id,employee_name,job_code,facility_code,period_start,period_end,hours_paid
P-3001,"REYES, SOFIA",RN,BYS,2026-09-14,2026-09-20,36
P-3002,"BELL, MARCUS",CNA,RVD,2026-09-14,2026-09-20,40
P-3003,"NATARAJAN, PRIYA",LPN,BYS,2026-09-14,2026-09-20,40
P-3004,"OKAFOR, JAMES",RN,RVD,2026-09-14,2026-09-20,32
P-3005,"CHEN, LINDA",CNA,BYS,2026-09-14,2026-09-20,40
P-3006,"BROOKS, DANIEL",RN,BYS,2026-09-14,2026-09-20,36
P-3007,"TORRES, ANGELA",LPN,RVD,2026-09-14,2026-09-20,40
P-3008,"WALSH, KEVIN",CNA,RVD,2026-09-14,2026-09-20,40
P-3009,"KIM, GRACE",RN,RVD,2026-09-14,2026-09-20,40
P-3010,"WRIGHT, THOMAS",CNA,BYS,2026-09-14,2026-09-20,40
